product_id,product_name,product_category,weight_kg,fragility_score,strength_requirement,sustainability_priority,cost_sensitivity
1,Tablet,Electronics,5.68,8,8.8,7,10
2,Laptop,Electronics,2.42,8,8,8,8
3,Bluetooth Speaker,Electronics,9.8,5,6.91,6,2
4,Smartwatch,Electronics,2.81,5,5.85,10,6
5,Smartwatch,Electronics,0.21,9,8.87,10,3
6,Smartphone,Electronics,5.8,4,4.78,3,5
7,Tablet,Electronics,9.15,5,5.35,2,4
8,Router,Electronics,14.14,2,4,10,5
9,Tablet,Electronics,3.54,7,7.83,8,3
10,Power Bank,Electronics,13.65,4,4,4,2
11,Wireless Earbuds,Electronics,6.43,6,6.64,6,2
12,Laptop,Electronics,11.65,2,4,4,8
13,Laptop,Electronics,8.6,9,10,5,2
14,Tablet,Electronics,8.14,8,8.07,9,1
15,Smartwatch,Electronics,0.33,9,10,8,8
16,Smartwatch,Electronics,0.31,3,4.12,3,3
17,Router,Electronics,11.59,5,6.78,10,9
18,Power Bank,Electronics,13.73,9,9.87,2,1
19,Laptop,Electronics,1.05,7,8.01,5,3
20,Router,Electronics,8.91,6,7.66,1,3
21,Smartwatch,Electronics,1.88,3,4.28,10,7
22,Router,Electronics,11.59,7,6.12,10,10
23,Wireless Earbuds,Electronics,6.65,3,4,7,1
24,Smartwatch,Electronics,4.78,4,5.72,7,7
25,External Hard Drive,Electronics,6.21,4,5.83,7,3
26,Power Bank,Electronics,2.5,2,4,9,5
27,Bluetooth Speaker,Electronics,13.08,4,5.68,10,7
28,Laptop,Electronics,13.45,7,8.72,1,9
29,Smartphone,Electronics,9.75,9,10,9,3
30,Wireless Earbuds,Electronics,0.2,8,8.6,5,1
31,Gaming Console,Electronics,1.89,8,9.83,6,8
32,Bluetooth Speaker,Electronics,10.57,1,4,10,4
33,Smartphone,Electronics,3.78,7,7.49,1,5
34,Smartwatch,Electronics,4.34,1,4,2,2
35,Gaming Console,Electronics,6.22,7,6.84,1,1
36,Tablet,Electronics,3.67,2,4,10,6
37,Tablet,Electronics,3.71,4,4,8,1
38,Wireless Earbuds,Electronics,10.95,8,8.41,2,6
39,Tablet,Electronics,6.04,1,4,6,3
40,Gaming Console,Electronics,8.9,4,4,3,3
41,Gaming Console,Electronics,5.3,7,6.52,1,8
42,Power Bank,Electronics,5.86,2,4,9,9
43,Bluetooth Speaker,Electronics,3.22,10,9.77,10,9
44,Laptop,Electronics,7.8,1,4,5,5
45,External Hard Drive,Electronics,13.25,7,7.02,3,3
46,Router,Electronics,10.92,3,4.57,6,8
47,Tablet,Electronics,13.33,4,4,8,4
48,Wireless Earbuds,Electronics,13.49,4,4.74,9,3
49,Tablet,Electronics,14.61,2,4,2,2
50,Router,Electronics,10.41,9,8.53,4,1
51,Bluetooth Speaker,Electronics,7.46,4,4.1,8,7
52,Power Bank,Electronics,10.84,1,4,3,6
53,Gaming Console,Electronics,4.05,6,7.94,3,6
54,Power Bank,Electronics,13.6,2,4,1,1
55,Smartwatch,Electronics,3.01,3,4,1,1
56,Tablet,Electronics,14.92,5,6.65,9,5
57,Laptop,Electronics,13.93,1,4,3,1
58,Smartwatch,Electronics,1.22,5,4.57,1,3
59,Bluetooth Speaker,Electronics,2.63,9,9.18,6,10
60,Tablet,Electronics,13.96,8,7.63,6,7
61,Smartwatch,Electronics,2.19,10,10,1,8
62,Tablet,Electronics,10.49,6,6.08,10,7
63,Wireless Earbuds,Electronics,6.35,2,4,10,7
64,Bluetooth Speaker,Electronics,7.57,4,4.95,3,7
65,External Hard Drive,Electronics,0.51,2,4,7,6
66,Gaming Console,Electronics,4.99,10,10,6,10
67,Smartphone,Electronics,12.92,1,4,6,6
68,Gaming Console,Electronics,8.1,5,5.57,5,5
69,Gaming Console,Electronics,6.91,6,5.16,4,3
70,Smartwatch,Electronics,9.6,4,4,2,10
71,Bluetooth Speaker,Electronics,4.91,1,4,3,10
72,Tablet,Electronics,1.27,5,4.55,7,9
73,Power Bank,Electronics,10.36,1,4,1,2
74,Smartphone,Electronics,3.67,6,7.14,8,5
75,Router,Electronics,9.61,7,7.97,5,6
76,Smartwatch,Electronics,10.98,3,4,3,5
77,Smartphone,Electronics,1.89,5,4.28,4,5
78,External Hard Drive,Electronics,7.17,10,10,5,7
79,Wireless Earbuds,Electronics,5.26,5,5.2,10,6
80,Bluetooth Speaker,Electronics,9.56,2,4,10,10
81,Router,Electronics,14.01,1,4,4,8
82,Smartwatch,Electronics,14.16,2,4,4,8
83,Gaming Console,Electronics,10.19,3,4,1,3
84,Laptop,Electronics,12.33,3,4.46,8,10
85,Smartwatch,Electronics,3.18,2,4,2,3
86,Laptop,Electronics,5.11,10,9.96,10,10
87,Gaming Console,Electronics,0.45,2,4,7,4
88,Wireless Earbuds,Electronics,10.42,2,4,8,4
89,Bluetooth Speaker,Electronics,6.33,9,9.64,5,9
90,Tablet,Electronics,8.57,3,4.97,4,2
91,Smartwatch,Electronics,3.83,8,9.6,5,1
92,Power Bank,Electronics,10.23,7,8.26,9,1
93,Gaming Console,Electronics,8.06,4,5.48,6,3
94,Smartwatch,Electronics,5.9,9,10,9,7
95,External Hard Drive,Electronics,14.36,4,4.72,5,5
96,Wireless Earbuds,Electronics,4.47,9,9.66,5,4
97,External Hard Drive,Electronics,14.2,9,8.34,5,10
98,Smartphone,Electronics,14.62,10,10,7,2
99,Bluetooth Speaker,Electronics,14.53,9,10,1,6
100,Smartphone,Electronics,1.35,8,7.22,2,10
101,Smartwatch,Electronics,2.28,5,4.7,8,1
102,Router,Electronics,13.22,1,4,9,4
103,Router,Electronics,5.32,3,4.33,6,7
104,Bluetooth Speaker,Electronics,6.42,10,9.99,3,2
105,Power Bank,Electronics,7.08,10,10,8,9
106,Wireless Earbuds,Electronics,11.19,3,4,9,1
107,Power Bank,Electronics,1.34,1,4,6,10
108,Wireless Earbuds,Electronics,0.28,5,4.13,5,5
109,Gaming Console,Electronics,3.87,3,4.91,2,9
110,Smartwatch,Electronics,3.33,1,4,6,3
111,Smartphone,Electronics,13.53,9,10,10,8
112,Router,Electronics,5.98,8,8.86,8,10
113,External Hard Drive,Electronics,2.9,10,10,2,5
114,Tablet,Electronics,14.62,6,5.1,9,1
115,Laptop,Electronics,6.23,3,4.47,2,3
116,Tablet,Electronics,10.91,9,9.25,8,2
117,Smartphone,Electronics,8.32,5,4.08,1,6
118,Smartphone,Electronics,12.18,1,4,10,9
119,Wireless Earbuds,Electronics,14.55,1,4,2,9
120,Power Bank,Electronics,6.28,1,4,7,6
121,Tablet,Electronics,10.41,5,7,6,3
122,Wireless Earbuds,Electronics,8.38,5,6.18,10,10
123,Wireless Earbuds,Electronics,5.73,5,5.35,1,3
124,Power Bank,Electronics,4.19,4,4,1,8
125,External Hard Drive,Electronics,9.31,8,7.07,10,2
126,Router,Electronics,7.2,3,4,1,6
127,Bluetooth Speaker,Electronics,14.52,9,9.77,7,5
128,Router,Electronics,9.34,2,4,7,6
129,Laptop,Electronics,9.3,2,4,2,2
130,Tablet,Electronics,5.94,3,4.71,4,9
131,Router,Electronics,7.76,8,9.73,7,10
132,Bluetooth Speaker,Electronics,12.95,5,6.39,10,8
133,Gaming Console,Electronics,12.65,1,4,8,5
134,Tablet,Electronics,14.7,5,5.04,3,9
135,Bluetooth Speaker,Electronics,6.96,6,7.09,4,8
136,Wireless Earbuds,Electronics,10.48,9,10,3,2
137,Smartphone,Electronics,9.07,3,4,5,2
138,External Hard Drive,Electronics,4.25,6,5.27,1,5
139,Laptop,Electronics,6.97,10,10,1,10
140,Bluetooth Speaker,Electronics,10.39,9,8.28,9,6
141,Router,Electronics,1.32,1,4,1,8
142,Smartphone,Electronics,11.25,4,4,8,6
143,Router,Electronics,3.62,7,7.59,2,10
144,Tablet,Electronics,0.65,8,7.4,3,7
145,Bluetooth Speaker,Electronics,7.72,2,4,3,3
146,Router,Electronics,3.71,9,10,10,7
147,Power Bank,Electronics,4.9,7,6.27,9,1
148,Smartwatch,Electronics,5.21,9,10,3,9
149,Smartphone,Electronics,7.53,4,4.61,2,8
150,Gaming Console,Electronics,8.84,3,4,5,6
151,Smartphone,Electronics,13.5,2,4,6,5
152,Router,Electronics,14.01,5,4.31,6,6
153,Router,Electronics,3.76,4,5.55,8,7
154,Laptop,Electronics,12.65,3,4,8,5
155,Power Bank,Electronics,14.74,6,6.19,4,6
156,Gaming Console,Electronics,14.63,8,9.17,9,2
157,External Hard Drive,Electronics,8.4,8,8.43,5,6
158,Laptop,Electronics,14.52,4,4.28,1,4
159,Tablet,Electronics,3.71,1,4,6,5
160,Gaming Console,Electronics,7.64,4,4,3,1
161,Bluetooth Speaker,Electronics,5.6,8,7.4,7,10
162,Smartwatch,Electronics,14.85,8,9.43,1,5
163,Laptop,Electronics,0.14,9,9.79,8,6
164,Smartwatch,Electronics,6.24,1,4,2,5
165,Power Bank,Electronics,10.99,9,8.62,3,3
166,Tablet,Electronics,13.9,6,5.14,8,9
167,Tablet,Electronics,11.28,3,4,5,3
168,External Hard Drive,Electronics,10.01,10,10,9,10
169,Tablet,Electronics,5.95,8,8.36,8,3
170,Router,Electronics,9.4,1,4,1,9
171,Smartphone,Electronics,5.39,7,7.6,5,8
172,Smartphone,Electronics,3.51,7,6.35,6,3
173,External Hard Drive,Electronics,9.45,8,9.08,4,1
174,Router,Electronics,8.05,7,7.72,6,9
175,Smartphone,Electronics,4.74,5,6.34,1,4
176,Bluetooth Speaker,Electronics,8.59,10,10,10,1
177,Router,Electronics,1.63,4,4.37,4,8
178,Power Bank,Electronics,7.58,8,7.45,4,2
179,Wireless Earbuds,Electronics,0.28,3,4.08,4,10
180,Smartwatch,Electronics,3.85,5,6.48,10,8
181,Router,Electronics,8.79,8,8.27,10,10
182,Smartwatch,Electronics,8.83,2,4,8,4
183,Bluetooth Speaker,Electronics,13.79,5,6.77,8,10
184,Wireless Earbuds,Electronics,11.59,10,9.21,3,8
185,Gaming Console,Electronics,12.62,7,6.37,5,5
186,External Hard Drive,Electronics,2.57,4,4,9,1
187,Router,Electronics,13.06,7,6.68,5,9
188,External Hard Drive,Electronics,11.19,10,10,5,10
189,Tablet,Electronics,5.07,4,4.61,6,2
190,Smartwatch,Electronics,7.04,2,4,3,6
191,Smartwatch,Electronics,2.73,7,6.5,5,8
192,Tablet,Electronics,4.74,6,5.66,2,5
193,Gaming Console,Electronics,7.78,1,4,1,4
194,Laptop,Electronics,6.28,8,8.51,1,7
195,Power Bank,Electronics,6.46,8,9.69,1,8
196,Router,Electronics,8.85,1,4,2,2
197,Smartwatch,Electronics,8.06,1,4,6,3
198,Power Bank,Electronics,2.41,1,4,7,7
199,Smartwatch,Electronics,11.32,10,9.81,2,1
200,Laptop,Electronics,0.48,2,4,8,1
201,Frozen Pizza,Food,8.32,3,4,8,6
202,Chocolate Box,Food,5.16,5,4.54,1,8
203,Cereal Box,Food,1.58,8,9.17,8,4
204,Frozen Pizza,Food,14.17,6,5.61,7,2
205,Chocolate Box,Food,0.29,7,8.21,5,3
206,Milk Carton,Food,1.93,3,4,2,2
207,Frozen Pizza,Food,13.67,5,5.03,10,2
208,Tea Box,Food,5.51,7,6.8,5,5
209,Cereal Box,Food,6.2,9,9.31,3,4
210,Protein Bar Pack,Food,14.62,8,7.34,8,7
211,Snack Chips Pack,Food,12.02,1,4,1,9
212,Cereal Box,Food,8.17,9,8.77,6,6
213,Tea Box,Food,12.54,4,4,2,7
214,Organic Honey Jar,Food,10.28,6,7.74,5,10
215,Coffee Jar,Food,8.69,6,5.2,5,9
216,Coffee Jar,Food,7.51,7,6.32,6,5
217,Snack Chips Pack,Food,4.03,6,7.2,2,9
218,Cereal Box,Food,7.46,10,10,10,5
219,Snack Chips Pack,Food,5.81,10,10,2,6
220,Olive Oil Bottle,Food,11.1,3,4,3,10
221,Cereal Box,Food,1.12,8,8.31,4,1
222,Frozen Pizza,Food,10.85,8,8.7,2,7
223,Frozen Pizza,Food,9.99,6,5.41,8,1
224,Olive Oil Bottle,Food,4.12,4,4,4,1
225,Milk Carton,Food,7.5,2,4,2,5
226,Olive Oil Bottle,Food,5.23,8,9.18,9,8
227,Olive Oil Bottle,Food,6.58,7,6.23,2,5
228,Snack Chips Pack,Food,0.13,3,4,2,3
229,Chocolate Box,Food,4.79,1,4,10,9
230,Frozen Pizza,Food,6.75,8,9.28,5,1
231,Chocolate Box,Food,9.92,6,6.91,8,9
232,Olive Oil Bottle,Food,13.56,10,9.15,10,10
233,Milk Carton,Food,8.87,1,4,5,6
234,Frozen Pizza,Food,13.74,5,6.19,3,8
235,Cereal Box,Food,14.57,7,8.39,4,7
236,Cereal Box,Food,6.88,10,10,8,3
237,Cereal Box,Food,8.45,2,4,8,10
238,Tea Box,Food,10.9,7,6.95,1,4
239,Snack Chips Pack,Food,11.88,9,10,1,10
240,Organic Honey Jar,Food,13.16,2,4,10,2
241,Olive Oil Bottle,Food,0.42,7,6.56,2,3
242,Organic Honey Jar,Food,1.14,4,4,1,5
243,Protein Bar Pack,Food,7.25,8,7.82,9,10
244,Snack Chips Pack,Food,1.47,7,7.57,1,1
245,Cereal Box,Food,1.75,8,7.86,4,2
246,Frozen Pizza,Food,3.58,9,8.83,5,9
247,Snack Chips Pack,Food,1.73,9,10,10,5
248,Tea Box,Food,11.82,6,7.95,8,2
249,Frozen Pizza,Food,2.59,4,4,8,4
250,Chocolate Box,Food,12.58,6,6.82,10,2
251,Tea Box,Food,5.82,9,8.56,3,8
252,Chocolate Box,Food,5.32,5,5.89,7,1
253,Frozen Pizza,Food,7.82,4,5.98,10,3
254,Cereal Box,Food,11.4,1,4,3,6
255,Organic Honey Jar,Food,9.38,9,9.78,5,2
256,Olive Oil Bottle,Food,6.92,8,7.8,9,3
257,Snack Chips Pack,Food,14.34,10,10,8,9
258,Snack Chips Pack,Food,8.31,2,4,6,8
259,Cereal Box,Food,10.47,10,10,5,5
260,Olive Oil Bottle,Food,14.87,2,4,3,10
261,Chocolate Box,Food,8.61,8,9.03,1,6
262,Organic Honey Jar,Food,7.87,8,7.74,9,9
263,Olive Oil Bottle,Food,13.96,4,4.86,6,7
264,Chocolate Box,Food,13.24,10,10,7,10
265,Olive Oil Bottle,Food,2.02,5,6.23,2,4
266,Protein Bar Pack,Food,8.39,7,6.58,1,9
267,Snack Chips Pack,Food,9.51,2,4,8,3
268,Protein Bar Pack,Food,2.01,3,4.28,10,9
269,Olive Oil Bottle,Food,14.45,5,4.31,4,4
270,Tea Box,Food,10.35,2,4,1,6
271,Snack Chips Pack,Food,10.66,6,6.04,10,8
272,Organic Honey Jar,Food,0.78,2,4,4,3
273,Cereal Box,Food,8.96,7,6.2,1,6
274,Protein Bar Pack,Food,5.64,3,4,7,10
275,Cereal Box,Food,2.47,2,4,1,3
276,Chocolate Box,Food,6.83,7,7.58,4,2
277,Coffee Jar,Food,11.62,4,4.96,3,1
278,Tea Box,Food,14.45,8,8.3,5,5
279,Chocolate Box,Food,9.61,6,7.28,5,3
280,Milk Carton,Food,4.75,10,10,2,3
281,Chocolate Box,Food,0.56,9,10,2,8
282,Chocolate Box,Food,2.47,9,10,5,8
283,Coffee Jar,Food,11.59,2,4,3,5
284,Snack Chips Pack,Food,13.69,10,10,9,7
285,Tea Box,Food,1.97,4,4.29,6,9
286,Tea Box,Food,2.5,6,6.75,5,2
287,Organic Honey Jar,Food,11.98,1,4,2,2
288,Chocolate Box,Food,7.25,6,5.87,9,1
289,Tea Box,Food,14.29,9,8.12,6,3
290,Frozen Pizza,Food,1.66,1,4,6,6
291,Organic Honey Jar,Food,3.23,1,4,2,1
292,Frozen Pizza,Food,7.81,1,4,1,4
293,Coffee Jar,Food,5.43,7,6.4,7,10
294,Frozen Pizza,Food,10.37,2,4,10,7
295,Cereal Box,Food,10.09,8,8.91,3,6
296,Olive Oil Bottle,Food,8.96,9,8.16,9,2
297,Frozen Pizza,Food,14.03,8,9.14,4,7
298,Coffee Jar,Food,9.95,4,4.79,6,10
299,Cereal Box,Food,7.27,9,8.49,2,6
300,Coffee Jar,Food,8.94,9,10,10,3
301,Coffee Jar,Food,14.64,4,5.23,7,5
302,Chocolate Box,Food,9.91,3,4,6,2
303,Coffee Jar,Food,9.83,5,6.99,9,3
304,Frozen Pizza,Food,1.31,3,4.04,6,1
305,Olive Oil Bottle,Food,12.62,1,4,10,8
306,Coffee Jar,Food,6.44,4,5.21,4,8
307,Coffee Jar,Food,8.2,3,4,4,10
308,Tea Box,Food,10.91,4,5.62,2,4
309,Milk Carton,Food,6.38,10,10,10,6
310,Protein Bar Pack,Food,5.45,3,4,8,5
311,Cereal Box,Food,11.02,3,4.33,4,7
312,Milk Carton,Food,9.52,2,4,5,6
313,Cereal Box,Food,7.43,6,7.61,8,7
314,Protein Bar Pack,Food,5.45,2,4,1,9
315,Olive Oil Bottle,Food,14.54,2,4,5,1
316,Organic Honey Jar,Food,11.62,8,8.19,7,10
317,Protein Bar Pack,Food,1.2,10,10,9,1
318,Snack Chips Pack,Food,6.8,8,8.85,1,9
319,Milk Carton,Food,2.59,4,4.14,5,5
320,Frozen Pizza,Food,8.05,1,4,8,6
321,Chocolate Box,Food,3.17,4,4,2,9
322,Snack Chips Pack,Food,8.01,4,4,1,7
323,Coffee Jar,Food,3.45,5,6.8,5,1
324,Coffee Jar,Food,7.66,10,10,2,8
325,Frozen Pizza,Food,10.32,2,4,9,7
326,Frozen Pizza,Food,6.88,2,4,6,4
327,Tea Box,Food,1.97,4,5.11,10,7
328,Cereal Box,Food,2.52,5,4.28,8,6
329,Tea Box,Food,13.04,6,5.77,1,7
330,Protein Bar Pack,Food,14.68,10,9.05,2,1
331,Organic Honey Jar,Food,12.48,8,9.31,8,9
332,Milk Carton,Food,10.37,1,4,5,5
333,Frozen Pizza,Food,8.7,2,4,6,9
334,Cereal Box,Food,13.01,9,10,9,5
335,Milk Carton,Food,8.55,9,8.33,2,6
336,Protein Bar Pack,Food,4.97,6,6.31,2,2
337,Organic Honey Jar,Food,13.18,7,7.31,1,8
338,Snack Chips Pack,Food,4.52,7,6.02,1,10
339,Tea Box,Food,6,5,5.14,9,1
340,Protein Bar Pack,Food,3.64,1,4,6,10
341,Coffee Jar,Food,8.85,8,9,10,2
342,Tea Box,Food,7.01,3,4,8,2
343,Chocolate Box,Food,7.24,5,6.44,9,5
344,Tea Box,Food,6.04,5,4.74,4,7
345,Protein Bar Pack,Food,12.21,2,4,5,7
346,Frozen Pizza,Food,6.52,5,6.69,9,4
347,Organic Honey Jar,Food,13.91,4,5.8,6,3
348,Protein Bar Pack,Food,1.61,4,4,4,3
349,Frozen Pizza,Food,8.76,10,10,2,2
350,Frozen Pizza,Food,4.16,4,5.47,7,10
351,Tea Box,Food,12.02,7,6.89,1,10
352,Organic Honey Jar,Food,2.86,8,9.89,4,6
353,Protein Bar Pack,Food,12.11,1,4,10,7
354,Protein Bar Pack,Food,9.61,5,6.65,9,10
355,Coffee Jar,Food,3.26,10,9.52,9,10
356,Cereal Box,Food,13.51,1,4,5,4
357,Milk Carton,Food,4.19,3,4.55,7,10
358,Cereal Box,Food,12.16,3,4,1,7
359,Protein Bar Pack,Food,8.84,1,4,2,1
360,Tea Box,Food,3.33,1,4,5,3
361,Snack Chips Pack,Food,9.15,10,9.77,9,9
362,Protein Bar Pack,Food,14.82,3,4,2,3
363,Chocolate Box,Food,6.7,7,8.17,7,8
364,Frozen Pizza,Food,2.01,3,4,6,10
365,Olive Oil Bottle,Food,13.59,4,4,1,4
366,Protein Bar Pack,Food,2.96,8,8.1,6,9
367,Chocolate Box,Food,9.3,1,4,5,5
368,Chocolate Box,Food,4.14,8,8.95,6,10
369,Milk Carton,Food,5.06,6,5.16,2,6
370,Organic Honey Jar,Food,8.41,2,4,4,8
371,Protein Bar Pack,Food,8.75,10,10,9,7
372,Organic Honey Jar,Food,8.08,9,10,1,8
373,Snack Chips Pack,Food,11.95,7,7.2,8,6
374,Tea Box,Food,14.89,8,9.31,1,9
375,Olive Oil Bottle,Food,10.11,4,4.87,2,8
376,Tea Box,Food,11.35,1,4,6,4
377,Chocolate Box,Food,10.66,4,4,2,2
378,Frozen Pizza,Food,5.78,2,4,9,1
379,Frozen Pizza,Food,4.65,4,4,10,4
380,Organic Honey Jar,Food,13.11,6,7.76,6,5
381,Tea Box,Food,5.93,1,4,2,3
382,Chocolate Box,Food,10.15,10,10,6,3
383,Milk Carton,Food,11.87,4,5.46,5,3
384,Coffee Jar,Food,2.69,2,4,4,2
385,Tea Box,Food,9.65,9,9.73,6,1
386,Organic Honey Jar,Food,13.85,1,4,6,4
387,Olive Oil Bottle,Food,7.59,9,10,5,2
388,Organic Honey Jar,Food,1.12,2,4,4,4
389,Chocolate Box,Food,6.65,6,5,2,7
390,Protein Bar Pack,Food,2.37,3,4,2,10
391,Milk Carton,Food,3.26,2,4,8,9
392,Chocolate Box,Food,6.51,9,8.43,9,3
393,Milk Carton,Food,2.75,1,4,7,8
394,Cereal Box,Food,12.23,7,6.66,4,4
395,Cereal Box,Food,7.95,7,8.17,5,4
396,Frozen Pizza,Food,6.13,3,4,6,7
397,Milk Carton,Food,11.03,6,7.89,7,2
398,Tea Box,Food,2.09,5,4.06,5,10
399,Olive Oil Bottle,Food,10.25,8,8.61,1,5
400,Coffee Jar,Food,12.53,5,4.6,5,4
401,Face Cream Jar,Cosmetics,5.63,1,4,5,4
402,Shampoo Bottle,Cosmetics,4.06,5,5.46,4,2
403,Face Cream Jar,Cosmetics,4.94,2,4,9,4
404,Face Cream Jar,Cosmetics,12.91,10,10,1,9
405,Sunscreen Tube,Cosmetics,1.62,8,7.95,1,2
406,Perfume Bottle,Cosmetics,6.62,1,4,10,8
407,Face Cream Jar,Cosmetics,6.98,7,7.98,6,8
408,Body Lotion,Cosmetics,3.48,1,4,8,3
409,Sunscreen Tube,Cosmetics,1.67,1,4,8,8
410,Shampoo Bottle,Cosmetics,1.36,1,4,8,3
411,Makeup Palette,Cosmetics,0.28,5,5.53,8,10
412,Face Cream Jar,Cosmetics,6.98,4,4.05,3,7
413,Lipstick Case,Cosmetics,11.78,3,4,5,5
414,Sunscreen Tube,Cosmetics,9.94,8,7.8,6,1
415,Perfume Bottle,Cosmetics,4.5,8,8.87,2,2
416,Serum Bottle,Cosmetics,0.26,4,4.85,9,9
417,Shampoo Bottle,Cosmetics,14.4,7,6.13,2,10
418,Shampoo Bottle,Cosmetics,12,8,7.34,5,2
419,Serum Bottle,Cosmetics,2.01,1,4,7,9
420,Body Lotion,Cosmetics,5.65,10,10,6,4
421,Makeup Palette,Cosmetics,3.69,5,6.03,3,1
422,Shampoo Bottle,Cosmetics,9.72,3,4.01,7,7
423,Shampoo Bottle,Cosmetics,12.71,9,9.63,5,5
424,Perfume Bottle,Cosmetics,14.68,8,8.67,7,6
425,Shampoo Bottle,Cosmetics,11.32,9,10,2,2
426,Sunscreen Tube,Cosmetics,2.06,4,5.45,3,7
427,Body Lotion,Cosmetics,12.63,6,6.63,1,8
428,Makeup Palette,Cosmetics,9.22,6,6.7,7,9
429,Lipstick Case,Cosmetics,11.44,8,8.38,8,1
430,Makeup Palette,Cosmetics,11.15,3,4.98,8,3
431,Body Lotion,Cosmetics,6.08,10,10,9,10
432,Foundation Bottle,Cosmetics,11.16,7,7.84,2,9
433,Sunscreen Tube,Cosmetics,5.69,9,9.66,6,10
434,Foundation Bottle,Cosmetics,11.44,6,7.5,9,2
435,Body Lotion,Cosmetics,11.4,4,4,3,7
436,Perfume Bottle,Cosmetics,7.11,3,4.99,4,4
437,Lipstick Case,Cosmetics,10.86,8,7.65,10,5
438,Makeup Palette,Cosmetics,9.98,6,7.09,5,10
439,Face Cream Jar,Cosmetics,9.33,4,4,4,1
440,Nail Polish,Cosmetics,8.86,4,4.53,3,8
441,Makeup Palette,Cosmetics,1.65,10,10,4,8
442,Perfume Bottle,Cosmetics,9.09,2,4,3,3
443,Lipstick Case,Cosmetics,7.52,3,4,10,6
444,Nail Polish,Cosmetics,3.23,4,4.55,4,7
445,Sunscreen Tube,Cosmetics,11.06,1,4,4,1
446,Body Lotion,Cosmetics,9.01,9,10,1,1
447,Body Lotion,Cosmetics,9.6,4,5.36,6,7
448,Sunscreen Tube,Cosmetics,8.62,5,4.55,10,2
449,Nail Polish,Cosmetics,2.56,1,4,6,6
450,Foundation Bottle,Cosmetics,7.82,3,4.82,10,3
451,Lipstick Case,Cosmetics,6.5,3,4,5,4
452,Sunscreen Tube,Cosmetics,12.06,10,10,4,6
453,Nail Polish,Cosmetics,9.5,7,8.71,3,1
454,Shampoo Bottle,Cosmetics,11.73,4,5.3,6,9
455,Makeup Palette,Cosmetics,11.3,8,8.42,5,8
456,Perfume Bottle,Cosmetics,0.95,6,5.79,3,7
457,Sunscreen Tube,Cosmetics,13.6,8,9.92,6,10
458,Perfume Bottle,Cosmetics,12.69,6,5.2,4,8
459,Foundation Bottle,Cosmetics,0.79,2,4,9,5
460,Foundation Bottle,Cosmetics,8.03,1,4,6,2
461,Shampoo Bottle,Cosmetics,11.01,4,4,7,5
462,Body Lotion,Cosmetics,0.88,8,7.78,9,5
463,Sunscreen Tube,Cosmetics,14.72,2,4,7,10
464,Lipstick Case,Cosmetics,2.95,1,4,9,5
465,Body Lotion,Cosmetics,9.17,9,8.55,1,2
466,Nail Polish,Cosmetics,10.83,10,9.27,6,7
467,Body Lotion,Cosmetics,8.22,8,7.34,2,10
468,Lipstick Case,Cosmetics,8.18,7,8.12,1,2
469,Makeup Palette,Cosmetics,1.32,6,7.54,10,5
470,Foundation Bottle,Cosmetics,2.2,6,7.55,2,10
471,Makeup Palette,Cosmetics,6.99,3,4,6,8
472,Sunscreen Tube,Cosmetics,11.83,6,7.42,10,3
473,Body Lotion,Cosmetics,0.87,1,4,7,5
474,Sunscreen Tube,Cosmetics,2.55,4,5.27,6,8
475,Makeup Palette,Cosmetics,1.98,6,5.48,9,8
476,Foundation Bottle,Cosmetics,14.78,10,10,2,9
477,Face Cream Jar,Cosmetics,1.5,3,4.73,1,10
478,Shampoo Bottle,Cosmetics,7.52,6,6.12,7,9
479,Sunscreen Tube,Cosmetics,6.02,3,4,8,10
480,Sunscreen Tube,Cosmetics,1.5,9,9.73,5,8
481,Face Cream Jar,Cosmetics,11.99,8,8.56,4,6
482,Nail Polish,Cosmetics,11.92,7,7.84,3,2
483,Nail Polish,Cosmetics,2.62,6,5.42,1,7
484,Makeup Palette,Cosmetics,2.84,5,6.2,5,4
485,Sunscreen Tube,Cosmetics,12,6,7.57,9,7
486,Foundation Bottle,Cosmetics,14.51,7,6.37,2,4
487,Perfume Bottle,Cosmetics,14.96,10,10,7,5
488,Makeup Palette,Cosmetics,8.44,1,4,4,2
489,Makeup Palette,Cosmetics,3.23,5,6.92,9,4
490,Shampoo Bottle,Cosmetics,13.78,6,7.13,9,2
491,Sunscreen Tube,Cosmetics,12.34,9,9.07,2,6
492,Nail Polish,Cosmetics,12.44,10,9.73,8,10
493,Nail Polish,Cosmetics,1.6,5,5.26,2,9
494,Body Lotion,Cosmetics,11.12,2,4,9,7
495,Serum Bottle,Cosmetics,9.35,6,7.21,3,1
496,Serum Bottle,Cosmetics,1.98,2,4,8,8
497,Serum Bottle,Cosmetics,1.14,7,6.5,4,1
498,Shampoo Bottle,Cosmetics,12.57,7,6.23,3,4
499,Foundation Bottle,Cosmetics,13.01,6,6.08,5,3
500,Serum Bottle,Cosmetics,11.47,5,5.96,4,1
501,Face Cream Jar,Cosmetics,11.51,3,4,2,3
502,Lipstick Case,Cosmetics,13.62,7,6.51,2,8
503,Makeup Palette,Cosmetics,5.75,4,4.14,3,3
504,Foundation Bottle,Cosmetics,14.65,4,4,8,8
505,Nail Polish,Cosmetics,0.5,6,5.84,9,3
506,Body Lotion,Cosmetics,14.59,3,4.26,9,4
507,Lipstick Case,Cosmetics,14.73,9,8.91,7,9
508,Shampoo Bottle,Cosmetics,4.29,4,4,6,5
509,Makeup Palette,Cosmetics,8.16,8,7.79,9,1
510,Shampoo Bottle,Cosmetics,7.08,9,10,5,3
511,Shampoo Bottle,Cosmetics,3.47,9,8.14,4,8
512,Face Cream Jar,Cosmetics,13.17,6,7.68,7,1
513,Perfume Bottle,Cosmetics,4.35,3,4,2,5
514,Perfume Bottle,Cosmetics,7.87,5,4.76,5,3
515,Shampoo Bottle,Cosmetics,7.38,5,4.28,9,4
516,Serum Bottle,Cosmetics,13.04,2,4,1,8
517,Nail Polish,Cosmetics,7.81,8,7.95,9,3
518,Lipstick Case,Cosmetics,13.4,6,6.82,3,6
519,Serum Bottle,Cosmetics,8.92,3,4,7,4
520,Sunscreen Tube,Cosmetics,5.83,3,4,2,8
521,Nail Polish,Cosmetics,9.05,7,8.95,8,7
522,Shampoo Bottle,Cosmetics,6.16,6,5.76,1,6
523,Sunscreen Tube,Cosmetics,0.78,8,7.72,10,1
524,Serum Bottle,Cosmetics,6.81,1,4,3,4
525,Sunscreen Tube,Cosmetics,3.18,6,7.56,1,8
526,Shampoo Bottle,Cosmetics,0.65,1,4,5,5
527,Face Cream Jar,Cosmetics,8.62,10,9.88,9,9
528,Perfume Bottle,Cosmetics,12.27,1,4,8,5
529,Lipstick Case,Cosmetics,5.24,7,7.72,7,3
530,Sunscreen Tube,Cosmetics,6.81,1,4,3,8
531,Shampoo Bottle,Cosmetics,13.62,5,4.77,1,10
532,Face Cream Jar,Cosmetics,14.33,10,10,9,7
533,Foundation Bottle,Cosmetics,10.79,7,6.12,4,2
534,Serum Bottle,Cosmetics,3.92,4,4.15,4,2
535,Perfume Bottle,Cosmetics,1.48,8,9.25,1,10
536,Foundation Bottle,Cosmetics,4.88,9,10,9,10
537,Shampoo Bottle,Cosmetics,5.49,10,10,3,6
538,Lipstick Case,Cosmetics,1.82,7,8.62,4,6
539,Serum Bottle,Cosmetics,1.9,2,4,3,8
540,Face Cream Jar,Cosmetics,12.32,9,9.27,3,1
541,Serum Bottle,Cosmetics,1.36,10,10,1,9
542,Foundation Bottle,Cosmetics,10.96,9,8.2,5,6
543,Foundation Bottle,Cosmetics,12.79,4,5.02,7,9
544,Nail Polish,Cosmetics,4.66,10,10,2,3
545,Body Lotion,Cosmetics,6.81,9,9.29,8,10
546,Serum Bottle,Cosmetics,5.61,6,7.12,1,8
547,Nail Polish,Cosmetics,5.68,8,7.5,7,4
548,Foundation Bottle,Cosmetics,0.77,1,4,4,3
549,Sunscreen Tube,Cosmetics,0.48,2,4,1,1
550,Foundation Bottle,Cosmetics,10.19,5,5.59,4,8
551,Serum Bottle,Cosmetics,14.82,1,4,1,2
552,Face Cream Jar,Cosmetics,7.34,8,9.93,3,4
553,Serum Bottle,Cosmetics,1.58,6,7.78,10,3
554,Serum Bottle,Cosmetics,0.45,5,4.87,5,10
555,Makeup Palette,Cosmetics,1.83,10,10,3,7
556,Shampoo Bottle,Cosmetics,6.72,2,4,1,4
557,Makeup Palette,Cosmetics,0.56,6,6.62,5,9
558,Foundation Bottle,Cosmetics,8.35,2,4,5,7
559,Serum Bottle,Cosmetics,6.66,10,10,3,10
560,Shampoo Bottle,Cosmetics,0.96,5,6.9,7,4
561,Makeup Palette,Cosmetics,5.27,8,10,2,4
562,Serum Bottle,Cosmetics,6.09,1,4,2,8
563,Lipstick Case,Cosmetics,4.95,8,8.86,5,7
564,Makeup Palette,Cosmetics,5.99,5,5.43,4,6
565,Shampoo Bottle,Cosmetics,3.49,5,5.8,6,6
566,Makeup Palette,Cosmetics,2.05,7,6.37,1,8
567,Body Lotion,Cosmetics,4.21,10,10,1,3
568,Body Lotion,Cosmetics,6.99,4,5.59,7,10
569,Foundation Bottle,Cosmetics,7.42,1,4,7,9
570,Lipstick Case,Cosmetics,5.5,1,4,2,3
571,Face Cream Jar,Cosmetics,9.07,4,5.42,3,9
572,Face Cream Jar,Cosmetics,0.99,1,4,1,8
573,Shampoo Bottle,Cosmetics,1.03,6,5.77,5,7
574,Sunscreen Tube,Cosmetics,0.38,6,7.06,3,6
575,Face Cream Jar,Cosmetics,7.96,5,5.08,2,9
576,Shampoo Bottle,Cosmetics,4.25,8,8.59,3,3
577,Lipstick Case,Cosmetics,3.09,10,10,7,7
578,Sunscreen Tube,Cosmetics,0.76,4,5.5,1,5
579,Sunscreen Tube,Cosmetics,0.18,8,9.31,9,1
580,Body Lotion,Cosmetics,12.7,2,4,7,9
581,Foundation Bottle,Cosmetics,10.87,4,4.22,6,3
582,Serum Bottle,Cosmetics,8.28,2,4,3,6
583,Sunscreen Tube,Cosmetics,4.56,8,7.34,2,10
584,Perfume Bottle,Cosmetics,3.71,6,5.15,2,10
585,Shampoo Bottle,Cosmetics,6.1,2,4,8,7
586,Sunscreen Tube,Cosmetics,13.95,7,8.72,7,5
587,Sunscreen Tube,Cosmetics,12.65,1,4,5,5
588,Nail Polish,Cosmetics,3.3,3,4,6,1
589,Perfume Bottle,Cosmetics,10.82,10,10,8,6
590,Nail Polish,Cosmetics,1.17,2,4,4,5
591,Sunscreen Tube,Cosmetics,12.08,6,6.69,4,7
592,Serum Bottle,Cosmetics,10.84,7,6.48,2,2
593,Perfume Bottle,Cosmetics,12.37,9,10,9,1
594,Body Lotion,Cosmetics,7.72,10,10,6,6
595,Makeup Palette,Cosmetics,13.45,8,9.52,9,6
596,Sunscreen Tube,Cosmetics,3.78,9,8.25,9,1
597,Sunscreen Tube,Cosmetics,2.04,9,10,4,4
598,Foundation Bottle,Cosmetics,13.62,3,4,1,6
599,Foundation Bottle,Cosmetics,5.72,3,4,10,7
600,Nail Polish,Cosmetics,7.46,1,4,9,8
601,Vitamin Bottle,Pharmaceuticals,10.17,7,6.76,5,1
602,Medical Device Kit,Pharmaceuticals,4.25,1,4,9,9
603,Vitamin Bottle,Pharmaceuticals,1.67,3,4,5,10
604,First Aid Kit,Pharmaceuticals,1.66,6,7.87,9,3
605,Capsule Container,Pharmaceuticals,6.92,2,4,3,9
606,Medical Device Kit,Pharmaceuticals,0.88,9,8.56,5,4
607,Tablet Blister Pack,Pharmaceuticals,12.77,9,9.97,6,8
608,Capsule Container,Pharmaceuticals,9.75,4,5.03,2,9
609,Injection Vial,Pharmaceuticals,2.14,7,6.38,3,6
610,Capsule Container,Pharmaceuticals,9.71,5,6.05,6,6
611,Insulin Kit,Pharmaceuticals,8.73,5,4.86,3,9
612,Medical Device Kit,Pharmaceuticals,12.37,6,6.55,5,10
613,Insulin Kit,Pharmaceuticals,0.32,5,6.73,2,6
614,Blood Pressure Monitor,Pharmaceuticals,10.67,10,9.09,3,6
615,Thermometer,Pharmaceuticals,8.01,6,5.8,9,4
616,Tablet Blister Pack,Pharmaceuticals,0.72,10,10,4,7
617,Capsule Container,Pharmaceuticals,11.63,1,4,10,6
618,Blood Pressure Monitor,Pharmaceuticals,0.35,9,8.36,6,7
619,Blood Pressure Monitor,Pharmaceuticals,0.36,5,5.03,7,10
620,Tablet Blister Pack,Pharmaceuticals,3.43,9,9.12,5,4
621,Syrup Bottle,Pharmaceuticals,8.27,4,5.54,9,8
622,Capsule Container,Pharmaceuticals,11.77,9,8.87,6,4
623,Insulin Kit,Pharmaceuticals,13.5,9,10,2,7
624,Medical Device Kit,Pharmaceuticals,10.11,4,5.87,9,7
625,Insulin Kit,Pharmaceuticals,11.8,4,4.63,6,9
626,Tablet Blister Pack,Pharmaceuticals,3.15,10,9.59,10,9
627,First Aid Kit,Pharmaceuticals,9.37,10,9.95,3,5
628,Capsule Container,Pharmaceuticals,7.96,4,4.16,1,1
629,Injection Vial,Pharmaceuticals,14.22,6,5.87,9,9
630,Vitamin Bottle,Pharmaceuticals,10.38,10,9.44,5,4
631,Medical Device Kit,Pharmaceuticals,9.5,8,7.4,2,6
632,Injection Vial,Pharmaceuticals,7.99,10,10,5,6
633,Injection Vial,Pharmaceuticals,4.19,6,7.28,10,3
634,Capsule Container,Pharmaceuticals,2.57,8,7.63,1,1
635,First Aid Kit,Pharmaceuticals,14.72,2,4,6,9
636,Capsule Container,Pharmaceuticals,3.03,3,4,8,10
637,First Aid Kit,Pharmaceuticals,7.89,5,5.31,3,7
638,Syrup Bottle,Pharmaceuticals,1.19,6,5.04,6,4
639,Medical Device Kit,Pharmaceuticals,12.46,2,4,5,2
640,Tablet Blister Pack,Pharmaceuticals,14.51,8,7.49,8,4
641,Thermometer,Pharmaceuticals,3.79,1,4,1,4
642,Tablet Blister Pack,Pharmaceuticals,8.52,6,7.57,9,5
643,Injection Vial,Pharmaceuticals,0.23,5,5.13,10,5
644,Vitamin Bottle,Pharmaceuticals,3.41,8,9.54,8,6
645,Syrup Bottle,Pharmaceuticals,6.49,9,9.21,10,4
646,Tablet Blister Pack,Pharmaceuticals,4.4,8,9.97,2,3
647,Tablet Blister Pack,Pharmaceuticals,7.47,9,10,1,3
648,Vitamin Bottle,Pharmaceuticals,5.95,5,4.1,3,1
649,Vitamin Bottle,Pharmaceuticals,6.72,10,10,2,4
650,Tablet Blister Pack,Pharmaceuticals,5.86,5,5.08,4,1
651,Blood Pressure Monitor,Pharmaceuticals,3.68,10,10,4,4
652,Insulin Kit,Pharmaceuticals,0.51,9,8.12,10,1
653,Vitamin Bottle,Pharmaceuticals,2.71,2,4,9,4
654,Insulin Kit,Pharmaceuticals,8.77,8,8.74,3,10
655,Medical Device Kit,Pharmaceuticals,12.61,7,8.68,7,10
656,Syrup Bottle,Pharmaceuticals,13.4,5,6.29,7,10
657,Blood Pressure Monitor,Pharmaceuticals,13.34,2,4,8,9
658,Vitamin Bottle,Pharmaceuticals,4.51,7,6.1,9,4
659,Medical Device Kit,Pharmaceuticals,4.5,3,4,3,8
660,First Aid Kit,Pharmaceuticals,12.42,4,5.08,8,8
661,Injection Vial,Pharmaceuticals,9.85,3,4,1,7
662,Insulin Kit,Pharmaceuticals,0.78,4,4.28,5,5
663,Blood Pressure Monitor,Pharmaceuticals,11.51,9,9.77,6,6
664,Blood Pressure Monitor,Pharmaceuticals,0.91,10,9.6,7,6
665,Syrup Bottle,Pharmaceuticals,0.25,4,4,3,6
666,Insulin Kit,Pharmaceuticals,10.97,6,7.2,4,9
667,First Aid Kit,Pharmaceuticals,12.74,7,7.83,5,9
668,Syrup Bottle,Pharmaceuticals,3.87,3,4,6,4
669,Blood Pressure Monitor,Pharmaceuticals,14.77,8,9.29,6,5
670,Tablet Blister Pack,Pharmaceuticals,2.33,7,7.63,10,2
671,First Aid Kit,Pharmaceuticals,11.73,9,8.81,10,6
672,Blood Pressure Monitor,Pharmaceuticals,4.05,4,5.85,9,5
673,Capsule Container,Pharmaceuticals,8.45,1,4,9,3
674,Capsule Container,Pharmaceuticals,5.6,9,9.35,2,8
675,Vitamin Bottle,Pharmaceuticals,2.78,7,7.39,1,7
676,Syrup Bottle,Pharmaceuticals,1.96,9,8.82,9,9
677,Blood Pressure Monitor,Pharmaceuticals,5.25,6,7,5,3
678,Vitamin Bottle,Pharmaceuticals,1.87,1,4,7,1
679,Syrup Bottle,Pharmaceuticals,4.75,10,9.49,4,2
680,First Aid Kit,Pharmaceuticals,0.34,4,4,10,1
681,Blood Pressure Monitor,Pharmaceuticals,14.56,7,6.7,3,6
682,Syrup Bottle,Pharmaceuticals,8.24,1,4,5,1
683,Blood Pressure Monitor,Pharmaceuticals,4.7,6,5.36,3,3
684,Tablet Blister Pack,Pharmaceuticals,6.01,10,10,4,7
685,Injection Vial,Pharmaceuticals,4.82,6,7.02,5,8
686,Thermometer,Pharmaceuticals,3.83,8,9.81,2,7
687,Capsule Container,Pharmaceuticals,13.6,2,4,8,1
688,Injection Vial,Pharmaceuticals,8.28,5,4.92,1,6
689,Syrup Bottle,Pharmaceuticals,5.08,9,10,5,6
690,Thermometer,Pharmaceuticals,3.78,1,4,9,3
691,Injection Vial,Pharmaceuticals,10.2,2,4,7,4
692,Tablet Blister Pack,Pharmaceuticals,14.73,4,5.01,7,7
693,Capsule Container,Pharmaceuticals,6.33,6,6.8,4,8
694,Medical Device Kit,Pharmaceuticals,4.22,10,10,8,10
695,Syrup Bottle,Pharmaceuticals,6.81,10,9.54,6,10
696,Capsule Container,Pharmaceuticals,1.79,9,10,10,4
697,Injection Vial,Pharmaceuticals,6.4,1,4,3,10
698,Medical Device Kit,Pharmaceuticals,7.8,3,4,8,10
699,Insulin Kit,Pharmaceuticals,10.38,10,10,7,6
700,Capsule Container,Pharmaceuticals,1.12,9,8.28,3,4
701,Insulin Kit,Pharmaceuticals,1.47,2,4,2,6
702,Thermometer,Pharmaceuticals,14.48,10,10,6,9
703,First Aid Kit,Pharmaceuticals,7.93,2,4,1,3
704,Blood Pressure Monitor,Pharmaceuticals,1.68,10,10,6,3
705,Thermometer,Pharmaceuticals,13.26,8,8.76,2,9
706,Medical Device Kit,Pharmaceuticals,0.85,1,4,4,7
707,Medical Device Kit,Pharmaceuticals,3.87,4,5.82,10,4
708,Capsule Container,Pharmaceuticals,10.91,10,10,6,6
709,Blood Pressure Monitor,Pharmaceuticals,1.62,2,4,2,3
710,First Aid Kit,Pharmaceuticals,13.36,5,6.74,4,9
711,Injection Vial,Pharmaceuticals,6.63,3,4,1,9
712,Vitamin Bottle,Pharmaceuticals,10.09,2,4,8,7
713,Syrup Bottle,Pharmaceuticals,3.07,7,6.15,4,1
714,First Aid Kit,Pharmaceuticals,3.29,5,4.23,2,8
715,Medical Device Kit,Pharmaceuticals,5.39,2,4,10,1
716,Vitamin Bottle,Pharmaceuticals,10.13,2,4,7,10
717,Medical Device Kit,Pharmaceuticals,13.29,3,4,8,3
718,Blood Pressure Monitor,Pharmaceuticals,9.29,1,4,8,3
719,Blood Pressure Monitor,Pharmaceuticals,11.58,1,4,6,9
720,Capsule Container,Pharmaceuticals,5.07,1,4,9,2
721,Injection Vial,Pharmaceuticals,11.83,5,5.23,10,6
722,Tablet Blister Pack,Pharmaceuticals,6.47,4,4.61,5,2
723,Medical Device Kit,Pharmaceuticals,12.39,6,7.36,10,9
724,Injection Vial,Pharmaceuticals,3.1,6,6.51,6,8
725,Insulin Kit,Pharmaceuticals,13.91,1,4,6,2
726,Medical Device Kit,Pharmaceuticals,6.19,6,5.48,5,1
727,Vitamin Bottle,Pharmaceuticals,2.87,5,6.24,3,4
728,Injection Vial,Pharmaceuticals,6.75,4,4,4,8
729,First Aid Kit,Pharmaceuticals,8.35,9,9.07,10,4
730,Injection Vial,Pharmaceuticals,13.1,7,6.65,7,5
731,First Aid Kit,Pharmaceuticals,4.97,10,10,10,7
732,Blood Pressure Monitor,Pharmaceuticals,3.55,1,4,9,6
733,First Aid Kit,Pharmaceuticals,8.35,3,4,9,6
734,Thermometer,Pharmaceuticals,11.94,7,8.51,7,3
735,Tablet Blister Pack,Pharmaceuticals,6.28,6,5.89,5,7
736,Thermometer,Pharmaceuticals,2.77,4,4,7,1
737,Vitamin Bottle,Pharmaceuticals,11.14,5,6.16,6,2
738,Syrup Bottle,Pharmaceuticals,4.52,6,5.25,1,10
739,Vitamin Bottle,Pharmaceuticals,13.24,10,10,3,4
740,Capsule Container,Pharmaceuticals,1.86,10,10,7,7
741,Medical Device Kit,Pharmaceuticals,3.73,3,4,8,8
742,Thermometer,Pharmaceuticals,14.8,9,9.25,1,3
743,Vitamin Bottle,Pharmaceuticals,10.22,8,9.11,1,2
744,Medical Device Kit,Pharmaceuticals,4.98,6,6.73,1,5
745,Medical Device Kit,Pharmaceuticals,1.85,7,6.43,10,1
746,Medical Device Kit,Pharmaceuticals,3.17,5,6.29,3,7
747,Tablet Blister Pack,Pharmaceuticals,11.62,7,7.26,1,1
748,Syrup Bottle,Pharmaceuticals,12.87,3,4,5,10
749,First Aid Kit,Pharmaceuticals,3.87,9,10,9,8
750,Vitamin Bottle,Pharmaceuticals,11.31,9,10,9,3
751,Capsule Container,Pharmaceuticals,2,6,7.37,3,3
752,Vitamin Bottle,Pharmaceuticals,12.84,3,4,9,8
753,First Aid Kit,Pharmaceuticals,0.33,2,4,6,6
754,Blood Pressure Monitor,Pharmaceuticals,5.9,9,10,4,9
755,Injection Vial,Pharmaceuticals,14.73,2,4,6,4
756,Medical Device Kit,Pharmaceuticals,14.96,10,9.96,3,3
757,Thermometer,Pharmaceuticals,5.32,8,7.21,4,4
758,Thermometer,Pharmaceuticals,0.78,2,4,1,9
759,Injection Vial,Pharmaceuticals,0.18,2,4,9,4
760,Capsule Container,Pharmaceuticals,11.52,10,10,7,10
761,Thermometer,Pharmaceuticals,11.4,3,4.01,7,9
762,Injection Vial,Pharmaceuticals,5.27,6,7.25,1,7
763,Injection Vial,Pharmaceuticals,9.12,5,5.96,4,10
764,Medical Device Kit,Pharmaceuticals,8.72,6,7.27,10,6
765,First Aid Kit,Pharmaceuticals,5.85,8,7.94,8,2
766,First Aid Kit,Pharmaceuticals,6.43,10,10,1,10
767,First Aid Kit,Pharmaceuticals,10.47,3,4.47,2,1
768,Vitamin Bottle,Pharmaceuticals,4.15,6,6.6,3,6
769,Syrup Bottle,Pharmaceuticals,11.25,1,4,5,10
770,Vitamin Bottle,Pharmaceuticals,4.25,4,5.47,10,7
771,Injection Vial,Pharmaceuticals,11.67,4,4.38,7,6
772,Syrup Bottle,Pharmaceuticals,11.82,10,10,1,8
773,Thermometer,Pharmaceuticals,0.56,6,5.1,5,3
774,Insulin Kit,Pharmaceuticals,12.38,8,9.57,6,9
775,Vitamin Bottle,Pharmaceuticals,13.48,8,7.98,7,8
776,Vitamin Bottle,Pharmaceuticals,10.03,2,4,1,6
777,Medical Device Kit,Pharmaceuticals,10.63,6,5.28,4,10
778,First Aid Kit,Pharmaceuticals,0.19,3,4,1,3
779,Blood Pressure Monitor,Pharmaceuticals,0.43,5,6.35,5,3
780,Thermometer,Pharmaceuticals,0.33,8,8.87,4,7
781,Blood Pressure Monitor,Pharmaceuticals,12.57,10,10,5,5
782,First Aid Kit,Pharmaceuticals,6.09,3,4,3,2
783,Syrup Bottle,Pharmaceuticals,10.64,9,8.69,3,7
784,Vitamin Bottle,Pharmaceuticals,13.93,2,4,5,5
785,First Aid Kit,Pharmaceuticals,14.93,2,4,1,10
786,Vitamin Bottle,Pharmaceuticals,10.75,9,9.51,2,7
787,Injection Vial,Pharmaceuticals,12.97,8,9.83,5,5
788,Insulin Kit,Pharmaceuticals,0.91,9,9.95,10,6
789,First Aid Kit,Pharmaceuticals,2.43,7,7.8,8,6
790,Tablet Blister Pack,Pharmaceuticals,6.88,1,4,2,4
791,Thermometer,Pharmaceuticals,10.31,1,4,8,6
792,Insulin Kit,Pharmaceuticals,10.32,6,6.61,8,10
793,First Aid Kit,Pharmaceuticals,6.09,2,4,6,2
794,Tablet Blister Pack,Pharmaceuticals,13.83,10,10,8,6
795,Tablet Blister Pack,Pharmaceuticals,10.57,8,7.69,1,4
796,Thermometer,Pharmaceuticals,13.23,7,7.5,8,5
797,First Aid Kit,Pharmaceuticals,12.02,9,10,4,5
798,Insulin Kit,Pharmaceuticals,13.47,7,7.86,5,4
799,Medical Device Kit,Pharmaceuticals,5.28,5,6.93,1,1
800,Syrup Bottle,Pharmaceuticals,12.8,3,4,2,2
801,Clothing Package,E-commerce,6.3,10,9.69,4,2
802,Gift Hamper,E-commerce,4.1,10,9.22,5,4
803,Kitchen Appliance,E-commerce,14.6,9,10,8,8
804,Stationery Bundle,E-commerce,2.42,8,7.66,8,10
805,Stationery Bundle,E-commerce,3.92,1,4,4,5
806,Stationery Bundle,E-commerce,2.63,4,4,6,8
807,Fitness Equipment,E-commerce,2.41,7,6.3,7,5
808,Shoe Box,E-commerce,7.23,10,10,8,3
809,Clothing Package,E-commerce,0.15,7,6.25,7,10
810,Kitchen Appliance,E-commerce,12.35,10,9.85,2,9
811,Stationery Bundle,E-commerce,2.94,9,9.72,3,8
812,Book Shipment,E-commerce,10,10,9.94,7,7
813,Book Shipment,E-commerce,8.48,9,10,10,5
814,Toy Set,E-commerce,7.39,9,9.48,6,3
815,Stationery Bundle,E-commerce,9.91,9,10,2,7
816,Book Shipment,E-commerce,10.51,9,9.54,8,1
817,Gift Hamper,E-commerce,12.29,6,6.7,9,10
818,Clothing Package,E-commerce,13.06,6,5.69,7,8
819,Shoe Box,E-commerce,5.65,6,5.39,8,5
820,Shoe Box,E-commerce,4.25,3,4,2,6
821,Gift Hamper,E-commerce,9.1,6,7.91,8,9
822,Kitchen Appliance,E-commerce,11.81,3,4.82,1,5
823,Book Shipment,E-commerce,2.71,9,8.08,5,10
824,Home Decor Item,E-commerce,7.88,6,7.26,10,2
825,Book Shipment,E-commerce,0.9,4,5.25,6,4
826,Office Supplies Pack,E-commerce,6.93,1,4,8,2
827,Toy Set,E-commerce,14.23,7,6.87,8,10
828,Gift Hamper,E-commerce,11.81,7,6.02,9,7
829,Gift Hamper,E-commerce,7.36,2,4,7,2
830,Gift Hamper,E-commerce,6.03,2,4,5,5
831,Home Decor Item,E-commerce,0.78,1,4,4,9
832,Office Supplies Pack,E-commerce,7.08,5,4.15,4,1
833,Toy Set,E-commerce,12.81,9,10,1,3
834,Stationery Bundle,E-commerce,11.33,9,9.01,1,9
835,Stationery Bundle,E-commerce,9.16,8,9.77,1,8
836,Kitchen Appliance,E-commerce,3.08,3,4.25,1,1
837,Gift Hamper,E-commerce,3.63,5,5.7,7,8
838,Toy Set,E-commerce,5.87,2,4,3,6
839,Kitchen Appliance,E-commerce,1.4,1,4,8,1
840,Gift Hamper,E-commerce,5.05,2,4,3,7
841,Gift Hamper,E-commerce,4.06,1,4,8,6
842,Clothing Package,E-commerce,4.51,6,7.84,3,4
843,Gift Hamper,E-commerce,11.11,10,10,4,10
844,Book Shipment,E-commerce,6.89,10,10,9,4
845,Home Decor Item,E-commerce,9.38,3,4,3,8
846,Home Decor Item,E-commerce,4.77,1,4,8,1
847,Kitchen Appliance,E-commerce,14.04,8,9.82,2,4
848,Book Shipment,E-commerce,3.06,9,8.72,8,8
849,Shoe Box,E-commerce,5.19,9,10,3,10
850,Home Decor Item,E-commerce,0.17,6,6.99,10,4
851,Shoe Box,E-commerce,11.33,10,9.53,8,5
852,Office Supplies Pack,E-commerce,1.81,1,4,9,5
853,Book Shipment,E-commerce,3.82,2,4,2,4
854,Shoe Box,E-commerce,11.39,4,4,7,1
855,Clothing Package,E-commerce,6.66,2,4,10,5
856,Toy Set,E-commerce,6.51,1,4,5,1
857,Stationery Bundle,E-commerce,1.84,10,9.9,4,9
858,Gift Hamper,E-commerce,2.55,9,9.17,6,1
859,Stationery Bundle,E-commerce,0.77,7,7.98,2,5
860,Kitchen Appliance,E-commerce,12.33,6,6.57,3,8
861,Clothing Package,E-commerce,6.05,9,10,8,7
862,Home Decor Item,E-commerce,3.88,5,4.3,5,7
863,Kitchen Appliance,E-commerce,5.49,6,5.64,9,2
864,Kitchen Appliance,E-commerce,11.11,3,4,7,10
865,Stationery Bundle,E-commerce,11.86,8,7.89,6,10
866,Book Shipment,E-commerce,11.92,7,8.91,5,8
867,Home Decor Item,E-commerce,5.28,7,6.35,9,1
868,Kitchen Appliance,E-commerce,6.92,8,9.97,1,1
869,Gift Hamper,E-commerce,2.15,10,10,5,1
870,Home Decor Item,E-commerce,1.24,3,4,8,1
871,Toy Set,E-commerce,4.99,10,9.47,6,1
872,Book Shipment,E-commerce,5.44,6,6.7,8,6
873,Office Supplies Pack,E-commerce,11.45,1,4,8,3
874,Home Decor Item,E-commerce,0.35,5,6.8,1,7
875,Shoe Box,E-commerce,8.02,10,10,10,4
876,Kitchen Appliance,E-commerce,3.82,2,4,1,9
877,Shoe Box,E-commerce,10.75,7,7.25,7,3
878,Book Shipment,E-commerce,11.63,3,4,3,4
879,Clothing Package,E-commerce,8.3,10,10,8,8
880,Shoe Box,E-commerce,9.22,1,4,2,1
881,Kitchen Appliance,E-commerce,6.72,4,4.24,10,5
882,Gift Hamper,E-commerce,1.14,4,4.67,4,10
883,Gift Hamper,E-commerce,2.61,2,4,6,8
884,Kitchen Appliance,E-commerce,7.59,9,8.94,2,8
885,Stationery Bundle,E-commerce,0.85,3,4,9,3
886,Book Shipment,E-commerce,1.46,6,6.59,5,5
887,Stationery Bundle,E-commerce,6.48,2,4,7,5
888,Kitchen Appliance,E-commerce,0.22,8,9.53,4,7
889,Toy Set,E-commerce,7.56,10,10,8,10
890,Kitchen Appliance,E-commerce,7.76,5,6.7,6,8
891,Office Supplies Pack,E-commerce,0.69,3,4.49,1,4
892,Office Supplies Pack,E-commerce,4.93,1,4,5,6
893,Stationery Bundle,E-commerce,12.32,3,4.84,4,6
894,Stationery Bundle,E-commerce,11.77,10,9.08,7,1
895,Book Shipment,E-commerce,6.52,9,8.59,10,3
896,Gift Hamper,E-commerce,13.32,5,4.92,7,9
897,Clothing Package,E-commerce,2.49,8,8.25,9,10
898,Toy Set,E-commerce,13.48,9,10,7,9
899,Fitness Equipment,E-commerce,0.88,3,4,2,10
900,Gift Hamper,E-commerce,3.58,5,6.5,7,7
901,Kitchen Appliance,E-commerce,4.04,2,4,10,2
902,Clothing Package,E-commerce,0.85,1,4,3,5
903,Book Shipment,E-commerce,10.99,6,7.34,10,4
904,Home Decor Item,E-commerce,14.61,2,4,8,7
905,Gift Hamper,E-commerce,2.07,7,7.65,8,1
906,Gift Hamper,E-commerce,3.4,1,4,5,8
907,Clothing Package,E-commerce,13.96,4,4.35,5,7
908,Kitchen Appliance,E-commerce,3.25,10,10,4,5
909,Gift Hamper,E-commerce,10.94,4,5.08,4,3
910,Clothing Package,E-commerce,3.32,5,6.42,7,4
911,Shoe Box,E-commerce,8.26,9,8.8,4,2
912,Stationery Bundle,E-commerce,6.19,2,4,4,3
913,Office Supplies Pack,E-commerce,10.49,6,5.78,6,4
914,Stationery Bundle,E-commerce,13.45,4,4,3,3
915,Kitchen Appliance,E-commerce,9.76,4,5.02,9,4
916,Shoe Box,E-commerce,10.13,4,4,5,4
917,Gift Hamper,E-commerce,9.88,5,4.25,4,2
918,Toy Set,E-commerce,0.55,9,8.47,7,4
919,Stationery Bundle,E-commerce,14.66,3,4,3,5
920,Book Shipment,E-commerce,11.54,4,4.34,2,8
921,Stationery Bundle,E-commerce,8.51,7,8.8,8,1
922,Fitness Equipment,E-commerce,2.02,5,6.34,10,2
923,Toy Set,E-commerce,3.88,1,4,1,5
924,Fitness Equipment,E-commerce,11.5,2,4,4,3
925,Fitness Equipment,E-commerce,1.98,8,7.28,3,3
926,Book Shipment,E-commerce,10.18,1,4,1,2
927,Shoe Box,E-commerce,8.67,4,4,9,10
928,Fitness Equipment,E-commerce,10.42,8,7.97,8,9
929,Toy Set,E-commerce,9.82,5,5.95,6,9
930,Stationery Bundle,E-commerce,12.76,9,10,10,9
931,Kitchen Appliance,E-commerce,13.94,8,7.38,10,9
932,Toy Set,E-commerce,9.38,9,8.78,4,7
933,Office Supplies Pack,E-commerce,9.51,1,4,4,8
934,Clothing Package,E-commerce,7.44,2,4,2,5
935,Stationery Bundle,E-commerce,8.7,7,7.5,10,5
936,Book Shipment,E-commerce,9.05,2,4,6,8
937,Fitness Equipment,E-commerce,12.79,4,5.18,4,8
938,Kitchen Appliance,E-commerce,11.9,1,4,4,2
939,Fitness Equipment,E-commerce,8.76,7,6,5,4
940,Book Shipment,E-commerce,4.95,3,4,6,1
941,Toy Set,E-commerce,10.01,7,6.38,1,9
942,Office Supplies Pack,E-commerce,6.96,2,4,4,7
943,Clothing Package,E-commerce,10.96,1,4,3,1
944,Office Supplies Pack,E-commerce,8.36,6,5.28,8,4
945,Stationery Bundle,E-commerce,8.53,9,9.66,9,6
946,Toy Set,E-commerce,10.03,5,5.17,9,8
947,Clothing Package,E-commerce,1.51,4,4,7,6
948,Home Decor Item,E-commerce,6.72,6,7.62,3,4
949,Office Supplies Pack,E-commerce,8.78,1,4,5,1
950,Fitness Equipment,E-commerce,6.1,4,5.05,3,1
951,Gift Hamper,E-commerce,9.52,3,4,4,4
952,Stationery Bundle,E-commerce,11.33,4,4.28,3,6
953,Stationery Bundle,E-commerce,1.48,9,8.85,4,5
954,Clothing Package,E-commerce,11.97,3,4,8,10
955,Home Decor Item,E-commerce,7.9,3,4,9,4
956,Kitchen Appliance,E-commerce,9.81,7,8.93,7,10
957,Office Supplies Pack,E-commerce,4.51,6,6.57,3,6
958,Shoe Box,E-commerce,3.86,6,6.96,1,3
959,Kitchen Appliance,E-commerce,12.17,4,5.19,8,7
960,Stationery Bundle,E-commerce,9.65,4,4,10,6
961,Stationery Bundle,E-commerce,8.39,3,4.73,5,8
962,Book Shipment,E-commerce,13.87,9,10,6,9
963,Clothing Package,E-commerce,14.5,4,4.19,1,7
964,Gift Hamper,E-commerce,6.87,6,6.65,7,2
965,Home Decor Item,E-commerce,8.81,9,9.13,6,3
966,Shoe Box,E-commerce,1.24,3,4,1,3
967,Kitchen Appliance,E-commerce,6.83,4,4.2,8,9
968,Office Supplies Pack,E-commerce,6.28,10,10,5,6
969,Clothing Package,E-commerce,9.76,6,6.37,9,10
970,Office Supplies Pack,E-commerce,10.98,1,4,9,10
971,Toy Set,E-commerce,7.21,7,7.58,2,6
972,Book Shipment,E-commerce,13.04,1,4,5,2
973,Home Decor Item,E-commerce,0.67,4,4,10,4
974,Book Shipment,E-commerce,8.33,2,4,3,8
975,Stationery Bundle,E-commerce,5.25,3,4,4,9
976,Book Shipment,E-commerce,6.01,3,4,4,5
977,Shoe Box,E-commerce,1.3,10,10,9,4
978,Stationery Bundle,E-commerce,3.09,6,6.43,4,2
979,Kitchen Appliance,E-commerce,4.67,7,8.04,10,10
980,Office Supplies Pack,E-commerce,14.57,6,7.17,8,8
981,Kitchen Appliance,E-commerce,6.14,5,5.27,5,9
982,Toy Set,E-commerce,13.44,10,10,6,7
983,Stationery Bundle,E-commerce,14.74,5,4.04,1,5
984,Stationery Bundle,E-commerce,6.65,4,4,6,2
985,Home Decor Item,E-commerce,9.03,2,4,5,10
986,Stationery Bundle,E-commerce,6.69,10,10,2,4
987,Office Supplies Pack,E-commerce,5.36,8,8.66,6,10
988,Shoe Box,E-commerce,11.79,9,8.04,7,3
989,Toy Set,E-commerce,9.42,9,8.06,6,5
990,Home Decor Item,E-commerce,9.1,10,9.85,10,7
991,Gift Hamper,E-commerce,5.67,7,7.33,3,3
992,Office Supplies Pack,E-commerce,11.16,3,4,6,3
993,Shoe Box,E-commerce,13.27,8,9.52,4,4
994,Book Shipment,E-commerce,0.21,3,4,7,3
995,Kitchen Appliance,E-commerce,13.18,5,4.15,7,6
996,Toy Set,E-commerce,12.35,6,6.62,5,1
997,Fitness Equipment,E-commerce,5.02,8,7.89,9,2
998,Office Supplies Pack,E-commerce,2.63,1,4,9,4
999,Kitchen Appliance,E-commerce,5.44,6,7.05,9,2
1000,Clothing Package,E-commerce,13.93,2,4,9,3
